{
  "estimated_trials": 18,
  "estimated_duration_sec": 31326.640641279355,
  "estimated_gpu_hours": 8.701844622577598,
  "estimated_cost_usd": 30.456456179021593,
  "space_reduction_rate": 0.667,
  "assumptions": [
    "sec_per_trial~1740.3689245155197",
    "gpu_share=1.0",
    "gpu_type=A100",
    "usd_per_gpu_hour=3.5",
    "invalid_table=ignored",
    "sec_per_trial_source=learned",
    "sec_per_trial_ci=[1740.3689245155197,1740.3689245155197]",
    "status=EXCEEDS_BUDGET",
    "reduction_strategy=fanova_importance_shrink"
  ],
  "total_sec": 31326,
  "gpu_hours": 8.701666666666666,
  "cost_usd": 30.45583333333333,
  "mlflow_run_id": "e7af8e01a60e46e694f9e033e1251913"
}